{
  "check_rsi": {
    "enabled": true
  },
  "check_macd": {
    "enabled": true
  },
  "check_ma_cross": {
    "enabled": false
  },
  "check_bollinger": {
    "enabled": false
  },
  "check_stochastic": {
    "enabled": false
  },
  "check_volume_spike": {
    "enabled": false
  },
  "check_candle_reversal": {
    "enabled": false
  },
  "market_trend_filter": {
    "enabled": true
  },
  "combined_conditions": {
    "enabled": false
  },
  "check_ma_slope_up": {
    "enabled": false
  },
  "check_price_breakout": {
    "enabled": false
  },
  "check_support_rebound": {
    "enabled": false
  },
  "check_engulfing_bullish": {
    "enabled": false
  },
  "check_rsi_divergence": {
    "enabled": false
  },
  "check_gap_up": {
    "enabled": false
  },
  "check_mfi": {
    "enabled": true
  },
  "check_fibonacci": {
    "enabled": false
  },
  "meta": {
    "trade_start_hour": 0,
    "trade_end_hour": 23,
    "cooldown_minutes": 60,
    "stop_loss_percent": -10.0,
    "take_profit_percent": 10,
    "buy_ratio_percent": 10,
    "sell_ratio_percent": 50,
    "loop_interval_seconds": 60,
    "zero_hit_limit": 3
  },
  "selected_profile": "RSI_MACD_Stoch_20.3",
  "profiles": {
    "default": {
      "filter_group": [
        "market_trend_filter"
      ],
      "trigger_group": [
        "check_rsi",
        "check_macd",
        "check_mfi"
      ],
      "trigger_mode": "OR",
      "description": "✅ [Default 프로파일 설명]\n가장 기본적인 매수 전략 조합입니다. 시장의 장기 추세를 필터로 활용하여 상승장 여부를 확인한 뒤, RSI와 MACD, MFI와 같은 대표적인 오실레이터 신호를 통해 매수 진입을 결정합니다. 과매도 국면에서 반등을 노리는 전략으로 설계되었으며, 모든 시장 상황에 무난하게 적용할 수 있습니다. 장점은 이해와 관리가 쉽고 신호가 자주 발생한다는 점이며, 단점은 횡보장이나 급락장에서 오신호 발생이 가능합니다.",
      "priority_order": []
    },
    "scalping": {
      "filter_group": [
        "check_volume_spike"
      ],
      "trigger_group": [
        "check_bollinger",
        "check_stochastic",
        "check_gap_up"
      ],
      "trigger_mode": "OR",
      "description": "✅ [Scalping 프로파일 설명]\n초단타 매매를 목표로 설계된 스캘핑 전략입니다. 거래량 급증 신호를 필터로 활용하여 단기적인 시장 관심도를 선별하고, 볼린저밴드 하단 이탈 후 반등, 스토캐스틱 과매도 반등, 갭 상승 이후 지지 확인과 같은 짧은 반등 패턴을 신속하게 포착합니다. 장점은 짧은 시간 내 다수의 거래를 통해 빠른 수익을 추구할 수 있는 점이며, 단점은 수수료 부담이 크고 오신호가 많아 주의가 필요합니다. 유동성이 높고 변동성이 큰 시장에서 적합합니다.",
      "priority_order": []
    },
    "trend_follow": {
      "filter_group": [
        "market_trend_filter",
        "check_volume_spike"
      ],
      "trigger_group": [
        "check_ma_slope_up",
        "check_ma_cross",
        "check_macd"
      ],
      "trigger_mode": "AND",
      "description": "✅ [Trend Follow 프로파일 설명]\n시장 전반의 추세를 따라가며 매매하는 전략입니다. 장기 상승 추세 필터와 거래량 증가 신호를 함께 사용해 상승장 국면을 식별하고, 이동평균선 상승 기울기, 이동평균선 골든크로스, MACD 크로스 등의 신호를 모두 만족해야 진입합니다. 장점은 추세가 강할 때 손실을 최소화하고 수익을 극대화할 수 있다는 점이며, 단점은 박스권이나 횡보장에서는 진입 신호가 적거나 잘못된 신호가 나올 수 있습니다. 추세장이 지속되는 시장에서 강력한 성능을 발휘합니다.",
      "priority_order": []
    },
    "conservative": {
      "filter_group": [
        "market_trend_filter"
      ],
      "trigger_group": [
        "check_rsi",
        "check_mfi",
        "check_macd",
        "check_ma_cross"
      ],
      "trigger_mode": "AND",
      "description": "✅ [Conservative 프로파일 설명]\n보수적인 접근을 위해 설계된 전략 프로파일입니다. 장기 추세 필터를 통해 상승장 여부를 확인하고, RSI, MFI, MACD, 이동평균선 크로스 신호까지 모두 충족해야 매수합니다. 신호가 매우 제한적이고 보수적이어서 진입 횟수는 적지만, 오신호를 최소화하고 신뢰도 높은 매수 타이밍을 포착하는 것이 목표입니다. 장점은 손실 리스크가 낮고 관리가 용이하다는 점, 단점은 시장 기회가 줄어들고 빠른 변동성 장세에서는 대응이 늦어질 수 있다는 점입니다.",
      "priority_order": [
        "check_rsi",
        "check_macd",
        "check_ma_cross",
        "check_bollinger",
        "check_stochastic",
        "check_volume_spike",
        "check_candle_reversal",
        "market_trend_filter",
        "combined_conditions",
        "check_ma_slope_up",
        "check_price_breakout",
        "check_support_rebound",
        "check_engulfing_bullish",
        "check_rsi_divergence",
        "check_gap_up",
        "check_mfi",
        "check_fibonacci"
      ]
    },
    "RSI_MACD_Stoch_20.3": {
      "filter_group": [
        "check_rsi"
      ],
      "trigger_group": [],
      "trigger_mode": "AND",
      "description": "✅ AI 자동 생성 추천 프로파일입니다.\n예상 수익률: 20.3%\n\n✔️ 최근 시장 분석:\n- 변동성: 4.9% (최근 시장이 비교적 안정적입니다.)\n- 거래량 변화: -47.4% (거래량이 다소 감소세를 보입니다.)\n\n✔️ 필터 그룹 전략:\nRSI 과매도 반전 신호, MACD 모멘텀 진입\n- 오신호를 제거하고 시장의 주요 추세를 확인하도록 설계했습니다.\n\n✔️ 트리거 그룹 전략:\n스토캐스틱 과매도 반등, 지지선 반등 확인, MACD+볼륨 동시 필터\n- 진입 타이밍을 세밀하게 포착하기 위해 설계했습니다.\n\n✔️ 추천 이유:\n- 최근 시장 상황을 반영해 최적화된 전략 조합입니다.\n- 변동성 및 거래량 변화 패턴을 분석한 결과 유망한 진입 신호를 제공.\n\n✔️ 장점:\n- 시장 맞춤형 전략으로 오버트레이딩 방지.\n- 다양한 신호를 결합해 신뢰도를 높였습니다.\n\n✔️ 단점:\n- 시장 상황이 변하면 오버피팅 우려.\n- 데이터 품질과 지연에 따른 예측 오차 가능성.\n\n✔️ 사용 팁:\n- 단기 변동성 장세에서 적극 활용 권장.\n- 전략 파라미터를 시장 상황에 따라 조정하세요.\n",
      "priority_order": [
        "check_rsi",
        "check_macd",
        "check_ma_cross",
        "check_bollinger",
        "check_stochastic",
        "check_volume_spike",
        "check_candle_reversal",
        "market_trend_filter",
        "combined_conditions",
        "check_ma_slope_up",
        "check_price_breakout",
        "check_support_rebound",
        "check_engulfing_bullish",
        "check_rsi_divergence",
        "check_gap_up",
        "check_mfi",
        "check_fibonacci"
      ]
    }
  }
}